STT3A_Arabidopsis_thaliana,A355,S356,V357,S358
STT3B_Arabidopsis_thaliana,A371,S372,V373,S374
STT3A_Homo_sapiens,A347,S348,V349,S350
STT3B_Homo_sapiens,A401,S402,V403,S404
Campylobacter_jejuni,Q312,T313,I314,Q315
Campylobacter_lari,E315,T316,I317,M318
Desulfovibrio_litoralis,Q380,S381,I382,V383
Desulfovibrio_alaskensis,G342,S343,I344,I345
Desulfovibrio_cuneatus,Q418,S419,I420,I421
Cupidesulfovibrio_termitidis,Q412,S413,I414,I415
Cupidesulfovibrio_sp._HK-II,Q417,S418,I419,I420
Desulfovibrio_sp._A2,Q393,S394,I395,I396
Desulfovibrio_piger,Q360,A361,L362,T363
Desulfovibrio_legallii,Q394,S395,I396,I397
Desulfovibrio_sp._MES5,Q367,S368,I369,I370
Desulfovibrio_fairfieldensis,Q359,S360,I361,I362
Desulfovibrio_bastinii,Q335,S336,V337,I338
Desulfovibrio_salexigens,Q333,S334,V335,I336
Marinifilum_sp.,Q333,S334,V335,I336
Desulfovibrio_gilichinskyi,Q331,S332,V333,I334
Desulfovibrio_hydrothermalis,Q338,S339,V340,I341
Desulfovibrio_ferrireducens,Q331,S332,V333,I334
Desulfovibrio_frigidus,Q296,S297,I298,I299
Desulfovibrio_gigas,Q361,S362,V363,I364
Desulfovibrio_marinus,Q359,S360,V361,I362
Desulfovibrio_indonesiensis,Q360,S361,V362,I363
