STT3A Arabidopsis thaliana,A355,S356,V357,S358
STT3B Arabidopsis thaliana,A371,S372,V373,S374
STT3A Homo sapiens,A347,S348,V349,S350
STT3B Homo sapiens,A401,S402,V403,S404
Campylobacter jejuni,Q312,T313,I314,Q315
Campylobacter lari,E315,T316,I317,M318
Desulfovibrio litoralis,Q380,S381,I382,V383
Desulfovibrio alaskensis,G342,S343,I344,I345
Desulfovibrio cuneatus,Q418,S419,I420,I421
Cupidesulfovibrio termitidis,Q412,S413,I414,I415
Cupidesulfovibrio sp. HK-II,Q417,S418,I419,I420
Desulfovibrio sp. A2,Q393,S394,I395,I396
Desulfovibrio piger,Q360,A361,L362,T363
Desulfovibrio legallii,Q394,S395,I396,I397
Desulfovibrio sp. MES5,Q367,S368,I369,I370
Desulfovibrio fairfieldensis,Q359,S360,I361,I362
Desulfovibrio bastinii,Q335,S336,V337,I338
Desulfovibrio salexigens,Q333,S334,V335,I336
Marinifilum sp.,Q333,S334,V335,I336
Desulfovibrio gilichinskyi,Q331,S332,V333,I334
Desulfovibrio hydrothermalis,Q338,S339,V340,I341
Desulfovibrio ferrireducens,Q331,S332,V333,I334
Desulfovibrio frigidus,Q296,S297,I298,I299
Desulfovibrio gigas,Q361,S362,V363,I364
Desulfovibrio marinus,Q359,S360,V361,I362
Desulfovibrio indonesiensis,Q360,S361,V362,I363
